key,CSCL_1995,CSCL_1997,CSCL_1999,CSCL_2002,CSCL_2003,CSCL_2005,CSCL_2007,CSCL_2009,CSCL_2011,CSCL_2013,CSCL_2015,CSCL_2017,CSCL_2019,ICLS_1996,ICLS_1998,ICLS_2000,ICLS_2004,ICLS_2006,ICLS_2008,ICLS_2010,ICLS_2012,ICLS_2014,ICLS_2016,ICLS_2018,ICLS_2020,ISLS_2021
learning environment,20%,18%,15%,23%,18%,13%,9%,10%,2%,12%,15%,7%,11%,17%,24%,14%,8%,8%,13%,8%,12%,11%,12%,11%,11%,10%
collaborative learning,28%,26%,18%,24%,31%,22%,18%,26%,8%,18%,19%,23%,25%,0%,7%,5%,1%,2%,7%,5%,7%,2%,6%,5%,3%,6%
case study,7%,6%,2%,3%,0%,5%,5%,3%,2%,11%,2%,7%,7%,4%,6%,6%,4%,5%,4%,8%,5%,5%,10%,9%,8%,10%
learning science,1%,0%,2%,2%,0%,2%,1%,2%,1%,4%,4%,2%,1%,0%,1%,5%,4%,9%,7%,7%,7%,12%,9%,7%,11%,8%
student learning,5%,4%,2%,3%,0%,2%,1%,6%,0%,3%,7%,4%,6%,4%,4%,9%,6%,8%,3%,6%,6%,6%,5%,4%,4%,3%
high school,5%,9%,0%,2%,0%,1%,3%,2%,0%,3%,2%,5%,2%,2%,4%,6%,2%,6%,2%,4%,7%,5%,6%,5%,4%,7%
middle school,4%,7%,4%,2%,0%,1%,1%,0%,0%,4%,1%,8%,3%,0%,8%,5%,6%,5%,3%,3%,5%,6%,6%,5%,4%,4%
learning activity,3%,9%,5%,3%,5%,4%,7%,8%,1%,6%,11%,6%,5%,2%,4%,0%,3%,1%,3%,1%,2%,3%,4%,2%,2%,3%
professional development,3%,4%,4%,4%,0%,1%,2%,3%,1%,2%,0%,3%,4%,1%,1%,1%,2%,7%,3%,3%,3%,4%,4%,3%,5%,6%
problem solving,11%,4%,4%,5%,10%,3%,7%,4%,1%,4%,5%,6%,3%,5%,1%,8%,2%,4%,6%,1%,2%,2%,5%,1%,2%,3%
knowledge building,0%,4%,4%,3%,6%,7%,6%,3%,1%,6%,4%,11%,5%,2%,1%,0%,1%,1%,4%,2%,4%,1%,4%,3%,2%,2%
learning process,5%,1%,2%,3%,3%,4%,4%,5%,1%,5%,4%,3%,4%,4%,7%,3%,3%,2%,4%,2%,4%,4%,5%,3%,2%,2%
science education,3%,1%,0%,2%,0%,3%,0%,1%,0%,2%,0%,2%,2%,1%,3%,3%,1%,6%,2%,4%,3%,3%,6%,3%,5%,5%
learning experience,1%,1%,2%,1%,0%,1%,1%,1%,2%,2%,5%,2%,4%,2%,7%,1%,1%,0%,1%,2%,1%,4%,4%,3%,4%,5%
design-based research,0%,0%,0%,1%,0%,1%,0%,0%,1%,3%,1%,0%,4%,0%,0%,0%,1%,1%,3%,3%,4%,4%,2%,4%,4%,3%
learning outcome,0%,1%,1%,2%,0%,4%,2%,5%,2%,2%,6%,4%,3%,0%,1%,0%,1%,3%,5%,0%,5%,3%,3%,3%,1%,2%
science learning,1%,3%,0%,1%,2%,0%,0%,1%,0%,3%,1%,2%,3%,0%,1%,0%,1%,1%,4%,3%,3%,3%,2%,4%,4%,3%
small group,1%,3%,5%,3%,2%,2%,4%,5%,2%,3%,5%,3%,4%,1%,0%,0%,0%,0%,3%,1%,1%,2%,4%,1%,1%,1%
computer-supported collaborative,7%,10%,0%,4%,5%,4%,5%,3%,2%,2%,4%,3%,6%,0%,1%,3%,0%,0%,2%,1%,0%,0%,1%,1%,1%,2%
learning community,1%,4%,4%,6%,3%,4%,1%,3%,1%,5%,2%,1%,0%,1%,1%,3%,1%,2%,1%,0%,2%,1%,2%,1%,2%,2%
student teacher,1%,3%,1%,4%,0%,3%,1%,1%,0%,2%,2%,3%,2%,0%,4%,3%,1%,3%,3%,1%,2%,1%,2%,2%,1%,1%
network analysis,0%,0%,1%,3%,5%,2%,3%,1%,0%,1%,2%,3%,5%,0%,0%,1%,0%,1%,0%,1%,1%,1%,3%,2%,2%,2%
teacher student,4%,7%,2%,2%,3%,0%,1%,1%,1%,3%,2%,0%,1%,2%,3%,0%,0%,1%,2%,1%,0%,2%,1%,1%,2%,3%
science classroom,1%,1%,1%,1%,0%,0%,1%,0%,0%,2%,1%,0%,2%,1%,0%,4%,4%,2%,1%,2%,1%,2%,2%,2%,3%,2%
prior knowledge,0%,0%,0%,0%,2%,2%,0%,1%,0%,0%,0%,1%,1%,1%,1%,0%,3%,2%,4%,2%,2%,2%,4%,2%,2%,2%
supported collaborative,4%,0%,7%,4%,3%,4%,3%,6%,1%,4%,5%,2%,3%,0%,0%,1%,0%,1%,2%,0%,1%,0%,0%,0%,0%,1%
computer science,3%,1%,0%,1%,0%,1%,1%,0%,0%,1%,2%,6%,4%,1%,0%,0%,0%,0%,1%,0%,0%,1%,2%,2%,3%,2%
learning gain,0%,0%,0%,1%,0%,2%,0%,1%,0%,1%,5%,7%,2%,0%,0%,0%,1%,1%,3%,1%,1%,2%,4%,2%,1%,1%
support teacher,1%,3%,0%,1%,0%,0%,1%,0%,0%,2%,2%,0%,5%,0%,0%,1%,0%,0%,0%,0%,2%,1%,4%,1%,2%,3%
group student,5%,0%,2%,1%,0%,4%,3%,4%,0%,0%,5%,3%,3%,0%,0%,1%,1%,1%,3%,1%,1%,2%,1%,2%,1%,0%
conceptual understanding,0%,3%,1%,1%,2%,1%,1%,1%,1%,2%,2%,2%,1%,0%,1%,3%,2%,3%,2%,3%,1%,1%,3%,2%,1%,1%
computational thinking,0%,0%,0%,0%,0%,0%,0%,0%,0%,1%,0%,1%,4%,0%,0%,0%,0%,0%,0%,0%,0%,1%,2%,3%,4%,4%
teacher learning,0%,3%,0%,0%,0%,0%,0%,0%,1%,0%,0%,1%,1%,0%,0%,3%,0%,1%,0%,1%,0%,2%,4%,1%,4%,4%
knowledge construction,0%,1%,4%,3%,2%,5%,1%,3%,2%,3%,4%,3%,2%,0%,0%,0%,0%,1%,2%,2%,1%,1%,1%,1%,0%,1%
design learning,0%,1%,2%,1%,2%,1%,0%,0%,1%,1%,1%,1%,0%,0%,1%,0%,0%,0%,2%,1%,4%,2%,3%,2%,3%,2%
social network,0%,0%,2%,3%,5%,3%,4%,1%,0%,3%,2%,3%,2%,0%,0%,1%,1%,2%,1%,0%,1%,1%,2%,2%,0%,1%
qualitative analysis,0%,0%,0%,0%,0%,0%,0%,3%,0%,0%,2%,3%,4%,0%,0%,1%,0%,0%,0%,1%,2%,3%,3%,2%,1%,2%
social interaction,4%,3%,4%,2%,2%,1%,0%,2%,1%,3%,8%,1%,2%,1%,1%,1%,0%,0%,2%,1%,1%,2%,1%,1%,1%,1%
community practice,3%,4%,5%,2%,2%,3%,2%,3%,0%,0%,1%,0%,1%,1%,0%,0%,5%,3%,2%,0%,0%,3%,1%,1%,1%,0%
computer supported,7%,1%,7%,5%,5%,3%,3%,5%,1%,3%,5%,2%,1%,0%,3%,1%,0%,0%,1%,0%,1%,0%,1%,0%,0%,1%
theoretical framework,1%,0%,4%,2%,5%,2%,1%,1%,1%,0%,2%,1%,3%,0%,3%,1%,1%,1%,3%,2%,1%,1%,1%,1%,1%,1%
group member,3%,0%,0%,1%,2%,0%,5%,4%,3%,3%,1%,2%,1%,0%,0%,0%,1%,1%,1%,1%,1%,1%,2%,1%,1%,2%
support collaborative,7%,9%,4%,5%,5%,1%,1%,5%,2%,3%,1%,3%,1%,0%,3%,0%,0%,0%,0%,0%,1%,0%,1%,0%,1%,0%
support learning,4%,1%,0%,3%,2%,3%,1%,1%,0%,3%,0%,4%,1%,1%,0%,1%,1%,1%,2%,1%,1%,1%,1%,1%,1%,1%
knowledge forum,0%,0%,0%,1%,0%,3%,3%,0%,1%,1%,2%,3%,3%,0%,0%,1%,0%,1%,2%,2%,1%,1%,1%,1%,1%,1%
collaborative activity,1%,7%,1%,3%,2%,4%,3%,4%,2%,4%,1%,3%,1%,0%,1%,1%,1%,0%,1%,1%,0%,0%,1%,1%,1%,0%
design principle,1%,1%,2%,1%,5%,3%,0%,2%,1%,1%,0%,0%,1%,0%,4%,0%,0%,1%,1%,0%,2%,3%,2%,1%,2%,1%
online learning,0%,3%,0%,3%,5%,7%,4%,1%,1%,3%,2%,1%,1%,0%,0%,1%,1%,0%,1%,0%,0%,0%,2%,1%,1%,2%
science teacher,1%,0%,0%,1%,0%,0%,0%,1%,0%,0%,0%,0%,1%,0%,0%,0%,0%,1%,2%,3%,2%,2%,1%,1%,3%,3%
online discussion,0%,0%,1%,1%,2%,2%,5%,4%,1%,3%,0%,3%,2%,0%,0%,1%,1%,1%,1%,1%,2%,0%,1%,1%,1%,0%
design process,1%,3%,1%,1%,0%,2%,1%,0%,0%,1%,2%,3%,1%,0%,6%,1%,0%,0%,1%,1%,1%,2%,1%,2%,2%,1%
teacher education,3%,0%,0%,1%,0%,4%,1%,0%,0%,0%,1%,1%,1%,1%,1%,1%,0%,0%,1%,0%,0%,2%,2%,1%,3%,2%
learning design,0%,3%,1%,1%,2%,3%,1%,1%,1%,2%,1%,2%,0%,0%,3%,3%,2%,0%,2%,0%,0%,0%,2%,2%,1%,1%
learning context,0%,0%,4%,1%,2%,1%,2%,2%,0%,1%,4%,3%,1%,0%,0%,1%,1%,1%,0%,1%,1%,2%,2%,1%,1%,1%
complex system,1%,0%,0%,0%,0%,2%,0%,1%,0%,2%,2%,2%,1%,1%,0%,3%,0%,2%,2%,1%,3%,2%,1%,2%,2%,1%
pilot study,4%,1%,4%,1%,0%,2%,2%,1%,0%,1%,2%,0%,2%,0%,0%,3%,0%,2%,1%,2%,1%,1%,0%,1%,1%,1%
school science,1%,1%,1%,1%,0%,0%,1%,0%,0%,3%,1%,0%,0%,1%,0%,0%,1%,1%,2%,2%,1%,1%,2%,1%,2%,2%
learning opportunity,1%,0%,0%,1%,0%,1%,0%,0%,0%,0%,0%,1%,2%,2%,0%,0%,0%,1%,1%,1%,0%,1%,1%,2%,2%,2%
science curriculum,0%,0%,2%,1%,0%,0%,1%,1%,0%,1%,1%,1%,1%,0%,4%,3%,1%,1%,1%,2%,1%,1%,2%,1%,1%,2%
collaborative knowledge,1%,3%,2%,3%,3%,4%,2%,2%,1%,2%,4%,1%,2%,0%,0%,0%,0%,1%,1%,0%,1%,0%,1%,0%,1%,0%
student engaged,0%,1%,1%,0%,0%,0%,1%,1%,0%,0%,1%,4%,0%,0%,0%,3%,0%,0%,0%,1%,1%,1%,3%,2%,1%,2%
designed support,4%,4%,2%,1%,0%,0%,1%,0%,0%,2%,2%,0%,1%,1%,0%,4%,0%,0%,1%,1%,0%,1%,1%,1%,1%,2%
collaborative process,3%,3%,0%,0%,5%,2%,1%,2%,1%,1%,4%,3%,2%,0%,0%,0%,1%,1%,0%,1%,1%,0%,0%,1%,1%,1%
preliminary result,0%,1%,4%,1%,5%,2%,3%,1%,0%,1%,1%,1%,1%,0%,1%,0%,0%,0%,1%,1%,1%,1%,1%,1%,1%,1%
interaction analysis,0%,0%,0%,1%,3%,0%,3%,1%,0%,2%,4%,1%,1%,0%,0%,0%,0%,0%,1%,0%,0%,2%,1%,1%,2%,2%
scientific practice,0%,0%,0%,0%,0%,0%,0%,0%,0%,0%,4%,2%,0%,0%,0%,0%,0%,0%,1%,1%,1%,4%,3%,2%,2%,1%
elementary school,3%,6%,2%,3%,2%,1%,1%,0%,0%,0%,0%,0%,1%,0%,0%,1%,1%,2%,0%,1%,1%,1%,1%,0%,1%,1%
young child,1%,0%,1%,3%,0%,0%,0%,0%,0%,1%,0%,2%,2%,0%,0%,0%,0%,1%,0%,0%,3%,0%,1%,2%,1%,2%
experimental study,0%,1%,0%,0%,2%,3%,3%,3%,0%,2%,1%,1%,0%,0%,0%,0%,1%,2%,2%,1%,0%,0%,2%,1%,1%,0%
pre-service teacher,0%,0%,0%,1%,0%,1%,0%,0%,0%,0%,0%,2%,0%,0%,0%,1%,1%,2%,1%,0%,2%,1%,1%,2%,3%,1%
discourse analysis,0%,0%,0%,1%,0%,0%,1%,1%,1%,2%,0%,2%,1%,0%,0%,3%,0%,0%,2%,0%,1%,1%,1%,1%,1%,2%
content knowledge,0%,0%,0%,0%,0%,1%,0%,0%,0%,1%,0%,2%,1%,1%,0%,1%,1%,3%,1%,1%,1%,1%,2%,1%,1%,1%
learning analytics,0%,0%,0%,0%,0%,0%,0%,0%,0%,0%,4%,6%,3%,0%,0%,0%,0%,0%,0%,0%,0%,2%,1%,1%,1%,2%
preliminary finding,1%,3%,0%,0%,0%,0%,1%,1%,0%,2%,1%,0%,1%,0%,0%,0%,1%,0%,0%,1%,1%,2%,1%,1%,1%,1%
science research,0%,3%,0%,0%,0%,0%,1%,0%,0%,2%,0%,0%,0%,0%,1%,3%,0%,1%,1%,2%,1%,1%,2%,1%,1%,2%
secondary school,0%,1%,1%,1%,5%,2%,0%,1%,0%,0%,0%,2%,2%,0%,0%,1%,0%,0%,2%,1%,1%,0%,2%,1%,1%,1%
learning scientist,0%,0%,0%,0%,0%,1%,1%,0%,0%,1%,2%,1%,0%,0%,0%,0%,1%,1%,0%,1%,1%,2%,3%,0%,2%,1%
student collaborative,4%,3%,0%,1%,0%,2%,1%,5%,1%,3%,1%,0%,2%,0%,0%,1%,0%,0%,0%,1%,0%,0%,1%,0%,0%,0%
student work,1%,0%,0%,0%,2%,0%,1%,1%,1%,1%,1%,1%,0%,2%,6%,4%,0%,0%,0%,1%,1%,2%,1%,1%,1%,1%
collaborative problem,0%,1%,1%,3%,5%,1%,4%,1%,0%,1%,2%,4%,1%,0%,0%,0%,0%,0%,1%,0%,0%,0%,1%,0%,1%,1%
empirical study,0%,0%,1%,3%,0%,1%,1%,1%,1%,1%,1%,1%,1%,1%,1%,1%,0%,1%,1%,1%,0%,2%,0%,1%,1%,1%
higher education,0%,0%,1%,2%,2%,2%,1%,1%,0%,1%,5%,1%,0%,0%,0%,0%,0%,1%,1%,1%,0%,1%,1%,1%,1%,1%
collaborative design,1%,0%,1%,1%,2%,3%,1%,0%,0%,1%,2%,1%,3%,0%,0%,1%,0%,0%,0%,0%,0%,1%,1%,1%,1%,1%
teaching practice,1%,1%,0%,1%,0%,2%,1%,0%,1%,1%,2%,0%,3%,0%,0%,1%,0%,0%,0%,1%,0%,1%,2%,1%,1%,1%
student engagement,0%,0%,1%,0%,0%,0%,0%,0%,0%,2%,0%,0%,1%,0%,1%,0%,1%,0%,1%,1%,1%,3%,1%,1%,1%,1%
university student,0%,0%,1%,3%,0%,1%,1%,1%,1%,0%,4%,2%,1%,0%,1%,3%,0%,1%,1%,0%,1%,1%,1%,1%,0%,2%
online course,0%,0%,0%,1%,0%,3%,1%,0%,0%,3%,2%,2%,1%,1%,0%,0%,0%,0%,0%,1%,0%,1%,2%,1%,1%,0%
student group,3%,0%,1%,1%,0%,3%,2%,1%,0%,1%,1%,3%,1%,0%,1%,1%,0%,0%,0%,1%,0%,1%,1%,1%,1%,1%
learning task,0%,0%,0%,1%,2%,1%,1%,5%,0%,2%,0%,0%,1%,1%,1%,1%,1%,2%,0%,1%,1%,0%,2%,1%,0%,0%
virtual environment,1%,4%,1%,1%,2%,0%,3%,0%,0%,0%,0%,1%,2%,0%,1%,4%,1%,1%,1%,1%,0%,0%,0%,1%,0%,0%
exploratory study,0%,1%,0%,1%,0%,0%,1%,1%,0%,1%,4%,1%,2%,0%,0%,1%,0%,1%,0%,1%,0%,1%,1%,0%,1%,1%
research practice,0%,0%,1%,0%,2%,0%,1%,0%,0%,0%,0%,0%,2%,0%,1%,1%,1%,1%,0%,0%,2%,0%,2%,1%,1%,1%
conceptual change,5%,3%,0%,0%,2%,0%,1%,1%,0%,0%,2%,0%,0%,2%,4%,0%,0%,1%,3%,1%,2%,0%,2%,1%,0%,0%
design experiment,0%,0%,1%,0%,3%,1%,1%,1%,0%,1%,1%,0%,0%,0%,1%,1%,2%,1%,2%,1%,1%,1%,1%,0%,1%,1%
preservice teacher,3%,0%,1%,3%,2%,0%,2%,0%,0%,1%,0%,1%,0%,0%,0%,0%,0%,4%,0%,1%,0%,1%,0%,1%,1%,1%
content analysis,0%,0%,0%,2%,2%,2%,0%,3%,0%,1%,1%,1%,0%,0%,0%,1%,0%,0%,1%,1%,1%,1%,2%,1%,1%,1%
next generation,0%,0%,0%,1%,2%,0%,0%,1%,0%,1%,1%,2%,1%,0%,0%,0%,0%,0%,0%,0%,0%,2%,2%,1%,2%,1%
formative assessment,0%,0%,0%,0%,0%,1%,1%,0%,0%,2%,0%,2%,2%,1%,0%,1%,0%,1%,1%,1%,2%,0%,1%,1%,0%,0%
instructional design,4%,1%,0%,0%,0%,1%,1%,0%,0%,0%,0%,0%,0%,0%,3%,3%,1%,0%,0%,0%,2%,1%,2%,2%,1%,1%
collaborative inquiry,0%,3%,0%,0%,2%,2%,1%,1%,0%,2%,1%,0%,0%,0%,0%,1%,0%,0%,1%,2%,0%,1%,2%,0%,1%,0%
design activity,0%,1%,2%,1%,2%,3%,0%,0%,0%,0%,1%,0%,2%,0%,4%,0%,0%,1%,1%,0%,0%,2%,2%,0%,1%,1%
individual learning,0%,1%,0%,1%,0%,3%,3%,2%,0%,2%,4%,2%,0%,1%,0%,0%,0%,1%,2%,0%,0%,1%,2%,0%,0%,0%
augmented reality,0%,0%,0%,0%,0%,1%,1%,1%,0%,2%,1%,2%,2%,0%,0%,0%,0%,0%,2%,0%,0%,1%,1%,1%,1%,1%
environment student,3%,1%,1%,3%,2%,1%,0%,0%,1%,0%,2%,0%,0%,4%,7%,0%,0%,0%,0%,0%,1%,1%,1%,1%,0%,1%
technology support,1%,1%,4%,2%,2%,0%,1%,1%,0%,2%,0%,2%,2%,0%,0%,3%,1%,0%,0%,0%,1%,0%,0%,0%,1%,0%
learning technology,1%,0%,0%,2%,0%,1%,0%,0%,0%,1%,1%,0%,1%,0%,4%,3%,1%,1%,1%,1%,1%,0%,0%,1%,1%,0%
research design,0%,1%,1%,0%,0%,1%,0%,1%,0%,1%,2%,2%,1%,0%,0%,0%,0%,0%,1%,1%,1%,1%,0%,1%,1%,1%
data analysis,0%,0%,1%,1%,2%,0%,1%,0%,2%,1%,1%,0%,1%,0%,0%,1%,0%,2%,1%,1%,0%,1%,1%,1%,1%,0%
undergraduate student,0%,0%,1%,0%,0%,0%,1%,1%,0%,1%,0%,1%,0%,0%,1%,3%,1%,1%,0%,0%,0%,1%,1%,1%,1%,2%
professional learning,0%,0%,0%,0%,0%,1%,0%,0%,0%,0%,0%,0%,3%,0%,0%,0%,0%,0%,0%,0%,0%,0%,1%,1%,3%,1%
informal learning,0%,0%,0%,0%,0%,0%,2%,2%,0%,1%,0%,3%,0%,0%,0%,0%,1%,1%,0%,1%,0%,1%,2%,0%,2%,0%
environment support,7%,1%,1%,1%,3%,0%,1%,3%,1%,0%,0%,2%,0%,1%,1%,1%,0%,0%,0%,1%,0%,0%,1%,1%,1%,1%
classroom activity,4%,1%,4%,3%,0%,1%,1%,0%,1%,1%,1%,0%,1%,0%,1%,0%,1%,0%,0%,1%,0%,1%,1%,1%,1%,0%
problem-based learning,1%,3%,1%,1%,3%,2%,1%,0%,0%,0%,0%,2%,2%,2%,3%,3%,1%,1%,0%,0%,1%,0%,0%,0%,0%,1%
young people,0%,0%,1%,0%,0%,0%,1%,1%,0%,1%,4%,1%,1%,1%,0%,0%,0%,1%,1%,0%,1%,1%,1%,1%,1%,1%
online discourse,0%,0%,0%,1%,0%,0%,1%,1%,1%,2%,4%,3%,1%,0%,0%,0%,0%,0%,0%,1%,1%,0%,1%,1%,1%,0%
collaboration script,0%,0%,0%,0%,0%,4%,3%,3%,2%,2%,0%,1%,1%,0%,0%,0%,0%,0%,0%,0%,1%,0%,1%,0%,0%,0%
science standard,0%,0%,0%,0%,0%,0%,0%,0%,0%,0%,1%,1%,1%,0%,0%,0%,0%,0%,0%,0%,0%,2%,2%,2%,2%,1%
science student,3%,3%,1%,0%,0%,0%,1%,1%,0%,0%,1%,1%,0%,4%,0%,0%,1%,0%,1%,1%,1%,2%,2%,0%,0%,1%
ethnographic study,1%,0%,1%,1%,0%,0%,1%,0%,0%,0%,1%,2%,1%,1%,3%,0%,1%,1%,0%,1%,0%,1%,0%,1%,1%,0%
project-based learning,0%,4%,1%,1%,0%,1%,1%,0%,0%,0%,0%,1%,0%,0%,1%,1%,1%,1%,0%,0%,0%,0%,1%,2%,1%,1%
educational technology,0%,0%,0%,1%,0%,2%,1%,1%,0%,2%,0%,1%,0%,0%,1%,4%,0%,1%,0%,0%,1%,1%,1%,1%,1%,0%
video data,0%,0%,0%,0%,0%,1%,0%,0%,0%,1%,0%,0%,2%,0%,0%,0%,1%,0%,0%,0%,0%,0%,1%,2%,2%,0%
understanding learning,1%,0%,2%,0%,0%,0%,1%,0%,0%,0%,0%,1%,1%,0%,1%,4%,0%,0%,1%,1%,0%,1%,2%,1%,1%,1%
conceptual framework,0%,1%,0%,1%,2%,1%,1%,0%,0%,0%,0%,2%,0%,0%,1%,3%,0%,0%,1%,0%,1%,2%,1%,0%,1%,2%
science inquiry,0%,0%,0%,1%,0%,0%,0%,1%,0%,1%,1%,2%,0%,1%,0%,0%,0%,1%,0%,1%,1%,1%,1%,1%,1%,1%
engineering design,0%,0%,0%,0%,2%,0%,0%,1%,0%,0%,1%,0%,1%,1%,0%,0%,0%,2%,0%,1%,0%,2%,1%,2%,1%,0%
mixed method,0%,0%,0%,0%,0%,0%,1%,0%,0%,1%,4%,1%,0%,0%,0%,0%,0%,0%,2%,1%,0%,2%,2%,1%,1%,1%
collaborative work,1%,4%,1%,1%,2%,2%,0%,2%,1%,1%,0%,1%,1%,1%,0%,1%,0%,0%,1%,0%,1%,1%,0%,0%,0%,0%
learning goal,0%,1%,0%,1%,0%,0%,1%,0%,0%,0%,0%,0%,2%,0%,0%,0%,1%,0%,0%,1%,0%,2%,1%,1%,1%,1%
learning setting,0%,0%,1%,0%,0%,1%,1%,2%,1%,1%,0%,3%,0%,1%,0%,0%,1%,1%,0%,0%,0%,1%,1%,1%,1%,0%
online community,0%,0%,1%,1%,0%,1%,3%,3%,0%,3%,1%,3%,0%,0%,0%,1%,1%,0%,1%,0%,0%,0%,0%,0%,0%,0%
learning practice,0%,0%,0%,1%,2%,0%,1%,2%,0%,1%,1%,0%,2%,0%,0%,0%,1%,0%,0%,1%,0%,1%,1%,1%,1%,0%
classroom setting,1%,0%,1%,1%,2%,1%,0%,1%,0%,1%,2%,1%,1%,0%,1%,0%,1%,0%,1%,0%,1%,1%,0%,0%,0%,0%
learning tool,0%,0%,0%,0%,0%,2%,0%,2%,0%,0%,0%,0%,0%,0%,1%,0%,1%,2%,0%,1%,1%,0%,1%,1%,1%,1%
identity development,0%,0%,0%,0%,0%,0%,0%,0%,0%,0%,0%,0%,0%,0%,0%,0%,0%,1%,1%,1%,0%,2%,0%,1%,2%,1%
scientific inquiry,3%,6%,0%,1%,0%,1%,0%,1%,0%,0%,2%,0%,0%,0%,0%,0%,1%,2%,1%,0%,0%,1%,0%,1%,0%,0%
student discourse,3%,0%,1%,0%,0%,0%,1%,1%,0%,1%,1%,0%,0%,0%,0%,0%,0%,0%,2%,1%,1%,1%,2%,1%,0%,1%
group work,3%,1%,1%,2%,2%,1%,1%,1%,0%,1%,0%,2%,1%,0%,0%,1%,0%,0%,0%,0%,1%,1%,1%,0%,0%,1%
virtual reality,0%,1%,1%,2%,0%,0%,0%,0%,0%,0%,0%,1%,1%,1%,4%,3%,1%,0%,0%,0%,0%,0%,0%,1%,1%,2%
classroom practice,0%,0%,2%,2%,0%,1%,2%,0%,1%,0%,0%,0%,0%,2%,1%,0%,0%,2%,0%,2%,1%,1%,1%,0%,0%,0%
teacher use,0%,0%,0%,1%,0%,0%,1%,0%,0%,0%,0%,0%,0%,0%,1%,0%,1%,1%,1%,0%,1%,1%,1%,1%,1%,1%
focus group,0%,0%,0%,1%,2%,1%,1%,0%,0%,1%,0%,2%,1%,0%,0%,0%,0%,0%,1%,0%,0%,2%,1%,1%,1%,1%
video game,0%,0%,0%,0%,0%,0%,2%,0%,0%,1%,1%,0%,0%,0%,0%,0%,1%,0%,1%,2%,1%,1%,0%,1%,1%,1%
classroom student,1%,1%,0%,0%,0%,0%,1%,1%,0%,1%,0%,1%,2%,0%,1%,0%,1%,1%,0%,1%,1%,0%,1%,0%,1%,1%
science class,1%,0%,0%,0%,0%,0%,0%,1%,0%,1%,0%,1%,1%,2%,1%,1%,0%,1%,0%,1%,1%,1%,0%,0%,1%,1%
learning theory,1%,1%,4%,0%,2%,0%,0%,0%,0%,0%,0%,1%,1%,1%,1%,0%,0%,0%,0%,0%,1%,1%,1%,1%,1%,1%
elementary student,1%,0%,0%,1%,0%,0%,0%,0%,0%,0%,1%,1%,1%,0%,0%,0%,1%,0%,0%,1%,0%,2%,1%,0%,2%,0%
student knowledge,0%,0%,2%,0%,2%,0%,0%,1%,1%,1%,0%,1%,0%,0%,1%,1%,1%,1%,1%,0%,2%,0%,0%,0%,1%,0%
learning teaching,0%,0%,1%,1%,0%,2%,0%,0%,0%,0%,0%,1%,1%,0%,0%,0%,1%,1%,1%,1%,0%,1%,0%,1%,1%,1%
student interaction,4%,0%,0%,1%,0%,1%,1%,0%,0%,1%,0%,1%,1%,0%,0%,1%,0%,0%,1%,1%,0%,1%,0%,0%,0%,0%
environment designed,1%,1%,0%,2%,2%,0%,0%,2%,0%,0%,1%,1%,1%,1%,4%,1%,1%,0%,0%,1%,0%,0%,1%,0%,0%,1%
design approach,1%,0%,0%,1%,0%,0%,1%,2%,0%,0%,1%,1%,0%,0%,1%,1%,0%,0%,0%,0%,0%,1%,1%,1%,1%,1%
solve problem,0%,1%,4%,1%,0%,2%,0%,1%,0%,0%,1%,0%,0%,0%,1%,0%,1%,0%,0%,0%,1%,0%,1%,1%,0%,1%
instructional practice,0%,1%,0%,1%,0%,0%,1%,0%,0%,0%,1%,0%,0%,0%,0%,0%,1%,1%,0%,2%,1%,1%,0%,0%,1%,1%
design project,0%,0%,1%,1%,0%,0%,0%,1%,0%,0%,0%,2%,0%,1%,4%,0%,0%,2%,1%,0%,0%,0%,1%,1%,1%,1%
knowledge skill,0%,0%,1%,0%,3%,0%,1%,1%,0%,1%,0%,0%,0%,1%,0%,1%,0%,1%,0%,1%,1%,0%,0%,1%,1%,0%
group discussion,0%,0%,0%,1%,0%,3%,1%,3%,1%,0%,1%,1%,0%,0%,0%,0%,0%,1%,1%,0%,1%,1%,2%,0%,1%,0%
21st century,0%,0%,0%,0%,0%,0%,0%,0%,0%,0%,0%,2%,0%,0%,0%,0%,0%,1%,0%,1%,2%,1%,1%,1%,1%,1%
epistemic network,0%,0%,0%,0%,0%,0%,0%,0%,0%,0%,0%,1%,3%,0%,0%,0%,0%,0%,0%,0%,0%,0%,1%,0%,1%,1%
learning system,3%,1%,0%,2%,0%,2%,1%,1%,1%,0%,1%,1%,0%,1%,0%,1%,0%,0%,0%,0%,0%,0%,0%,0%,1%,0%
learning pbl,3%,3%,0%,1%,2%,1%,2%,0%,0%,0%,0%,2%,1%,2%,1%,3%,0%,1%,0%,0%,0%,0%,0%,1%,0%,1%
qualitative study,1%,0%,0%,0%,0%,0%,1%,0%,0%,0%,1%,1%,1%,0%,1%,0%,0%,1%,1%,0%,0%,0%,1%,1%,1%,0%
inquiry learning,1%,0%,0%,1%,0%,0%,1%,1%,0%,1%,0%,0%,0%,0%,0%,0%,0%,0%,0%,1%,3%,0%,1%,0%,1%,1%
real world,1%,1%,1%,0%,0%,0%,1%,0%,0%,0%,0%,0%,1%,2%,1%,0%,1%,2%,0%,0%,1%,1%,0%,0%,0%,0%
support learner,0%,1%,0%,0%,0%,0%,1%,1%,0%,0%,1%,1%,2%,0%,0%,3%,0%,0%,1%,1%,0%,0%,1%,0%,1%,1%
knowledge advancement,0%,1%,0%,1%,0%,0%,1%,1%,1%,0%,1%,3%,1%,0%,0%,0%,0%,0%,0%,0%,1%,0%,2%,1%,0%,1%
formal informal,0%,0%,0%,1%,0%,0%,1%,1%,0%,1%,0%,2%,0%,0%,0%,0%,0%,1%,0%,2%,0%,2%,1%,1%,1%,1%
prior research,0%,0%,0%,0%,2%,1%,0%,1%,0%,0%,0%,1%,1%,0%,0%,1%,1%,0%,1%,0%,1%,1%,1%,1%,1%,1%
college student,0%,0%,0%,0%,2%,1%,1%,0%,0%,2%,0%,0%,1%,0%,0%,0%,1%,1%,0%,0%,1%,0%,1%,1%,1%,0%
conceptual knowledge,0%,0%,0%,0%,0%,0%,0%,1%,0%,1%,1%,0%,0%,0%,0%,3%,1%,0%,1%,0%,0%,1%,4%,1%,1%,1%
climate change,0%,0%,0%,0%,0%,0%,0%,0%,0%,1%,0%,2%,0%,0%,0%,0%,0%,0%,0%,1%,1%,2%,2%,1%,0%,1%
science practice,0%,0%,0%,0%,0%,0%,0%,0%,0%,0%,0%,1%,0%,0%,0%,0%,0%,0%,0%,0%,0%,2%,3%,1%,1%,1%
disciplinary practice,0%,0%,0%,0%,0%,0%,0%,0%,0%,0%,0%,0%,2%,0%,0%,0%,0%,0%,0%,1%,0%,2%,2%,0%,1%,1%
activity theory,1%,1%,0%,2%,2%,4%,1%,0%,0%,0%,0%,0%,0%,0%,0%,0%,1%,2%,1%,0%,0%,1%,1%,1%,0%,0%
learning classroom,1%,1%,0%,0%,0%,0%,1%,0%,0%,0%,1%,1%,1%,0%,1%,0%,1%,1%,0%,0%,1%,0%,1%,1%,1%,1%
education program,1%,0%,1%,1%,0%,0%,1%,0%,0%,0%,0%,0%,1%,0%,1%,0%,0%,0%,0%,0%,0%,1%,1%,0%,1%,1%
graduate student,1%,3%,0%,0%,0%,1%,1%,0%,0%,0%,2%,1%,0%,0%,0%,0%,1%,0%,1%,1%,0%,0%,1%,1%,0%,1%
science concept,0%,0%,1%,0%,0%,0%,0%,1%,0%,0%,0%,0%,0%,0%,0%,0%,3%,1%,0%,1%,0%,1%,1%,1%,1%,0%
educational setting,0%,0%,1%,2%,0%,2%,1%,0%,0%,2%,1%,2%,1%,0%,1%,1%,0%,0%,0%,0%,0%,1%,0%,0%,1%,0%
student participation,0%,0%,0%,1%,2%,1%,2%,0%,0%,0%,0%,1%,1%,0%,0%,0%,1%,0%,1%,1%,0%,1%,0%,0%,0%,0%
scientific knowledge,0%,0%,0%,1%,0%,0%,0%,0%,0%,0%,0%,2%,1%,0%,0%,1%,0%,0%,1%,1%,1%,0%,1%,1%,1%,0%
science instruction,0%,0%,0%,0%,0%,0%,1%,0%,0%,0%,0%,1%,0%,0%,1%,1%,1%,1%,1%,1%,1%,2%,0%,0%,1%,0%
learning situation,4%,1%,0%,1%,3%,0%,1%,1%,0%,1%,0%,0%,0%,0%,0%,0%,0%,1%,1%,0%,0%,0%,1%,0%,0%,1%
concept map,1%,1%,0%,1%,0%,0%,0%,0%,1%,1%,2%,0%,1%,1%,0%,0%,1%,0%,2%,1%,0%,0%,0%,0%,0%,0%
student experience,1%,1%,1%,0%,0%,0%,2%,1%,0%,0%,0%,0%,0%,0%,1%,0%,0%,0%,0%,1%,0%,1%,1%,0%,1%,2%
intelligent tutoring,0%,0%,2%,0%,0%,0%,1%,0%,0%,0%,0%,2%,0%,2%,0%,1%,0%,1%,0%,0%,1%,1%,1%,0%,0%,1%
educational research,0%,0%,1%,1%,0%,0%,0%,1%,0%,0%,0%,1%,0%,0%,3%,3%,2%,1%,0%,0%,0%,1%,1%,0%,0%,0%
building community,0%,0%,0%,1%,0%,0%,0%,2%,0%,0%,0%,3%,1%,0%,0%,0%,1%,0%,0%,1%,0%,1%,1%,1%,1%,0%
collective knowledge,0%,0%,0%,0%,0%,1%,2%,1%,1%,1%,1%,1%,1%,0%,0%,0%,0%,0%,0%,0%,1%,0%,1%,0%,0%,1%
social medium,0%,0%,0%,0%,0%,0%,0%,1%,0%,2%,4%,1%,1%,0%,0%,0%,0%,0%,0%,0%,0%,1%,1%,1%,1%,0%
stem learning,0%,0%,0%,0%,0%,0%,0%,0%,0%,0%,1%,0%,1%,0%,0%,0%,0%,0%,0%,0%,0%,1%,2%,0%,2%,2%
group learning,4%,3%,1%,0%,2%,2%,0%,2%,0%,0%,2%,0%,0%,1%,1%,0%,0%,0%,1%,0%,0%,1%,1%,0%,0%,0%
research development,3%,0%,0%,1%,0%,0%,1%,1%,0%,0%,0%,1%,0%,0%,3%,1%,0%,0%,1%,0%,1%,1%,0%,0%,1%,0%
education research,1%,0%,0%,0%,0%,0%,0%,0%,0%,0%,1%,0%,0%,0%,0%,0%,0%,1%,1%,1%,0%,1%,0%,1%,1%,1%
field study,0%,1%,0%,2%,3%,1%,1%,3%,1%,0%,1%,3%,0%,0%,0%,0%,0%,0%,0%,0%,1%,0%,0%,0%,0%,0%
collaborative problem-solving,0%,1%,0%,0%,2%,1%,0%,0%,0%,1%,0%,1%,2%,0%,0%,1%,1%,1%,0%,0%,0%,0%,0%,1%,0%,1%
data collection,0%,1%,2%,1%,2%,1%,1%,0%,0%,0%,0%,0%,1%,0%,0%,1%,1%,0%,0%,1%,0%,1%,0%,1%,0%,0%
classroom observation,0%,1%,0%,1%,0%,0%,0%,0%,0%,0%,1%,0%,0%,1%,0%,0%,1%,1%,0%,1%,0%,1%,1%,0%,1%,1%
tutoring system,0%,0%,2%,0%,0%,0%,1%,0%,0%,0%,0%,2%,0%,2%,0%,1%,0%,1%,0%,0%,1%,1%,1%,1%,0%,1%
virtual world,0%,0%,2%,1%,2%,0%,2%,0%,0%,0%,0%,1%,1%,0%,1%,0%,0%,0%,1%,0%,0%,1%,0%,0%,1%,0%
coding scheme,0%,0%,1%,0%,2%,2%,1%,0%,0%,2%,1%,1%,0%,0%,0%,1%,0%,1%,1%,0%,0%,0%,0%,0%,1%,0%
design challenge,0%,0%,1%,0%,0%,1%,1%,0%,0%,0%,0%,1%,1%,0%,1%,0%,1%,1%,0%,0%,0%,0%,1%,1%,1%,1%
positive effect,0%,0%,0%,1%,0%,1%,1%,1%,2%,2%,1%,2%,0%,0%,0%,0%,1%,1%,0%,0%,0%,0%,1%,1%,0%,0%
discussion forum,0%,0%,0%,1%,2%,1%,2%,1%,0%,1%,0%,2%,0%,0%,0%,0%,1%,0%,0%,0%,0%,0%,1%,0%,1%,1%
knowledge creation,0%,0%,0%,0%,3%,0%,0%,3%,1%,0%,1%,2%,1%,0%,0%,0%,0%,0%,0%,0%,1%,0%,1%,0%,1%,0%
classroom discourse,0%,0%,0%,0%,2%,0%,0%,0%,0%,0%,1%,0%,0%,1%,3%,1%,1%,0%,1%,1%,0%,1%,1%,1%,1%,1%
inquiry-based learning,0%,0%,0%,0%,0%,1%,0%,1%,0%,1%,0%,2%,1%,0%,4%,1%,0%,0%,0%,1%,1%,0%,0%,0%,0%,1%
science unit,0%,0%,0%,0%,0%,0%,0%,0%,0%,1%,0%,0%,0%,0%,0%,3%,1%,1%,1%,1%,0%,1%,1%,1%,1%,1%
mathematics learning,3%,1%,0%,0%,0%,0%,1%,0%,0%,0%,1%,0%,0%,0%,0%,1%,1%,0%,0%,1%,0%,1%,0%,1%,1%,1%
student need,3%,1%,1%,1%,0%,0%,0%,1%,0%,0%,0%,1%,0%,2%,1%,4%,0%,0%,0%,0%,1%,1%,0%,0%,0%,1%
mental model,3%,1%,0%,0%,3%,0%,1%,0%,0%,0%,1%,1%,1%,2%,3%,0%,0%,2%,0%,0%,0%,0%,1%,0%,0%,0%
mathematics education,3%,1%,0%,0%,0%,0%,0%,0%,0%,1%,1%,0%,0%,1%,1%,0%,1%,1%,0%,0%,0%,1%,0%,1%,1%,0%
visual representation,1%,0%,1%,1%,0%,0%,0%,0%,0%,0%,0%,4%,0%,0%,0%,1%,0%,0%,1%,1%,0%,0%,1%,0%,1%,1%
deeper understanding,1%,0%,0%,0%,2%,1%,0%,0%,0%,0%,1%,3%,0%,1%,1%,1%,2%,1%,0%,0%,0%,0%,0%,0%,1%,1%
collaborative interaction,1%,0%,1%,2%,2%,1%,1%,1%,0%,1%,0%,0%,0%,0%,0%,0%,0%,0%,0%,0%,0%,0%,0%,1%,1%,1%
primary school,1%,1%,1%,1%,0%,0%,0%,1%,0%,1%,0%,0%,0%,0%,0%,0%,0%,0%,1%,1%,1%,0%,1%,1%,1%,1%
school teacher,1%,0%,1%,0%,0%,0%,1%,0%,0%,0%,1%,1%,0%,0%,0%,0%,1%,0%,0%,1%,0%,0%,1%,1%,1%,1%
scientific argumentation,1%,0%,0%,0%,0%,1%,0%,1%,0%,0%,0%,0%,1%,0%,0%,0%,0%,1%,1%,1%,0%,1%,0%,1%,1%,1%
activity student,0%,3%,0%,1%,0%,0%,0%,1%,0%,1%,0%,0%,1%,1%,3%,0%,1%,0%,0%,1%,0%,1%,0%,0%,0%,1%
individual collaborative,0%,1%,1%,0%,2%,0%,1%,1%,0%,1%,0%,3%,1%,0%,0%,0%,0%,0%,0%,0%,0%,0%,1%,0%,0%,0%
student collaboration,0%,1%,2%,0%,0%,1%,1%,1%,0%,0%,0%,0%,2%,0%,0%,0%,0%,0%,0%,0%,0%,0%,0%,0%,1%,0%
present preliminary,0%,0%,4%,0%,0%,1%,1%,0%,0%,0%,1%,0%,0%,0%,0%,0%,0%,0%,0%,1%,1%,1%,2%,0%,1%,1%
theoretical perspective,0%,0%,2%,0%,0%,0%,1%,0%,0%,0%,0%,0%,0%,1%,1%,0%,1%,0%,0%,0%,2%,1%,1%,0%,1%,1%
online collaborative,0%,0%,1%,1%,0%,3%,1%,1%,0%,1%,2%,0%,0%,0%,0%,0%,1%,0%,2%,1%,0%,0%,1%,0%,0%,0%
context learning,4%,4%,1%,0%,2%,0%,0%,1%,0%,0%,2%,1%,0%,1%,0%,0%,0%,1%,0%,0%,0%,0%,0%,0%,1%,0%
learning group,3%,1%,0%,1%,2%,2%,1%,0%,0%,2%,2%,0%,0%,1%,0%,1%,0%,0%,0%,0%,0%,0%,1%,0%,0%,0%
learning knowledge,0%,0%,0%,1%,0%,1%,1%,3%,0%,0%,0%,0%,0%,0%,0%,0%,1%,0%,1%,1%,0%,0%,1%,0%,1%,1%
cognitive load,0%,0%,0%,0%,0%,1%,1%,1%,0%,0%,1%,0%,0%,0%,1%,0%,0%,1%,2%,1%,0%,1%,0%,1%,0%,1%
meaning making,0%,0%,0%,0%,0%,0%,1%,1%,0%,1%,2%,0%,0%,0%,0%,0%,0%,0%,1%,0%,0%,1%,1%,0%,1%,1%
situated learning,4%,1%,2%,1%,0%,0%,1%,1%,0%,1%,0%,0%,0%,0%,1%,0%,2%,0%,1%,0%,0%,1%,1%,0%,0%,0%
goal study,1%,0%,1%,1%,0%,1%,1%,0%,0%,0%,0%,1%,0%,0%,0%,1%,1%,0%,0%,0%,1%,0%,0%,1%,1%,1%
learning support,1%,0%,0%,1%,0%,1%,0%,1%,0%,0%,0%,1%,1%,0%,0%,1%,1%,1%,0%,0%,0%,0%,1%,0%,1%,1%
classroom study,1%,0%,0%,0%,0%,0%,0%,1%,0%,0%,1%,1%,1%,0%,0%,0%,1%,0%,0%,0%,0%,1%,1%,0%,1%,1%
school classroom,1%,0%,1%,1%,0%,0%,0%,0%,0%,1%,0%,1%,0%,0%,1%,0%,3%,1%,0%,1%,1%,0%,0%,1%,0%,0%
social learning,0%,1%,0%,0%,0%,2%,1%,2%,0%,1%,0%,1%,1%,0%,0%,0%,1%,0%,0%,0%,1%,0%,1%,1%,0%,0%
class discussion,0%,1%,0%,1%,0%,1%,0%,0%,0%,1%,0%,0%,0%,0%,1%,1%,0%,0%,0%,0%,0%,1%,2%,1%,0%,0%
learning result,0%,1%,0%,1%,0%,0%,0%,1%,0%,0%,0%,0%,1%,1%,1%,1%,0%,0%,0%,1%,0%,0%,0%,0%,0%,1%
shared understanding,0%,0%,1%,1%,6%,0%,2%,2%,1%,0%,0%,0%,0%,0%,0%,0%,0%,0%,1%,0%,0%,0%,2%,0%,0%,0%
knowledge acquisition,0%,0%,1%,0%,0%,3%,2%,2%,1%,0%,0%,0%,1%,0%,1%,1%,1%,1%,0%,0%,0%,0%,1%,0%,0%,0%
online environment,0%,0%,0%,2%,0%,3%,1%,1%,0%,1%,0%,1%,1%,0%,0%,1%,0%,0%,0%,0%,0%,0%,0%,0%,0%,1%
digital technology,0%,0%,0%,1%,0%,0%,1%,0%,0%,0%,0%,0%,1%,0%,0%,0%,0%,0%,0%,1%,0%,0%,0%,1%,1%,1%
video analysis,0%,0%,0%,0%,2%,1%,0%,1%,0%,1%,0%,0%,0%,0%,0%,1%,0%,0%,0%,1%,0%,1%,1%,0%,1%,1%
design framework,0%,0%,0%,0%,0%,3%,1%,0%,0%,0%,1%,0%,0%,1%,0%,0%,1%,0%,1%,0%,0%,1%,1%,0%,1%,0%
pedagogical content,0%,0%,0%,0%,0%,1%,0%,0%,0%,0%,0%,1%,0%,0%,0%,1%,1%,2%,0%,0%,1%,0%,0%,0%,1%,0%
student perception,0%,0%,0%,0%,0%,1%,1%,1%,0%,1%,0%,1%,1%,0%,0%,0%,1%,1%,0%,0%,1%,2%,0%,0%,0%,0%
learning progression,0%,0%,0%,0%,0%,0%,1%,0%,0%,0%,0%,0%,0%,0%,0%,0%,0%,0%,1%,1%,2%,2%,0%,1%,1%,0%
mathematics teacher,0%,0%,0%,0%,0%,0%,0%,0%,0%,0%,0%,0%,0%,0%,0%,0%,0%,0%,1%,1%,0%,1%,1%,1%,2%,0%
science technology,0%,0%,0%,0%,0%,0%,0%,0%,0%,0%,2%,3%,0%,0%,0%,0%,0%,0%,0%,1%,0%,1%,0%,2%,0%,1%
communication technology,3%,0%,4%,2%,2%,1%,0%,1%,1%,1%,0%,0%,0%,0%,0%,1%,0%,1%,0%,0%,1%,0%,1%,0%,0%,0%
